{
  "train_losses": [
    1.8097029129664104,
    1.7634785572687786,
    1.7319262425104778,
    1.6955304940541585,
    1.677034060160319,
    1.6408047676086426,
    1.6258925199508667,
    1.5443528493245442,
    1.5848868290583293,
    1.5022668838500977,
    1.5700332323710124,
    1.416762908299764,
    1.4875690539677937,
    1.3765982786814372,
    1.3600454330444336,
    1.329875071843465,
    1.3243168989817302,
    1.3909939527511597,
    1.3376254240671794,
    1.3020174900690715,
    1.3215570449829102,
    1.2446531454722087,
    1.2497482299804688,
    1.1704383492469788,
    1.242910901705424,
    1.2639418443044026,
    1.0712923208872478,
    1.1128862301508586,
    1.2032918532689412,
    1.1076427499453227,
    1.163220763206482,
    1.139453132947286,
    1.1529806852340698,
    1.0686357816060383,
    1.1388880014419556,
    1.1897082328796387,
    1.1320449312527974,
    1.037377119064331,
    1.1780974467595418,
    0.8962501883506775,
    1.0366033713022869,
    1.1548874179522197,
    0.913810133934021,
    0.8878095149993896,
    1.067602237065633,
    1.0215932528177898,
    0.9211505254109701,
    0.9647656877835592,
    0.8630577921867371,
    1.0908468961715698,
    1.1199713548024495,
    1.0690853198369343,
    0.9643427133560181,
    1.0640697876612346,
    0.9931657711664835,
    1.085842768351237,
    1.041536013285319,
    0.9624893069267273,
    0.9005404114723206,
    0.8218615253766378,
    0.9315919280052185,
    0.836895763874054,
    1.0039390325546265,
    1.1549508372942607,
    0.9345840811729431,
    0.9408366878827413,
    0.7820409337679545,
    0.8405300577481588,
    0.8280213077863058,
    0.8985341787338257,
    0.8012011647224426,
    0.776757538318634,
    0.7476023038228353,
    0.7293223341306051,
    0.8011629780133566,
    0.8843078215916952,
    0.9024776419003805,
    0.82914666334788,
    0.8972116510073344,
    0.892980138460795,
    0.727889875570933,
    0.790074865023295,
    0.914722740650177,
    0.698661724726359,
    0.8272264202435812,
    0.8166945775349935,
    0.888999859491984,
    0.8102102875709534,
    0.7861432830492655,
    0.7580322424570719,
    0.6272629499435425,
    0.7295993367830912,
    0.7171592116355896,
    0.8266465465227762,
    0.5988982617855072,
    0.6828013261159261,
    0.7003860672314962,
    0.6855579217274984,
    0.7847512563069662,
    0.6463606158892313
  ],
  "val_accuracies": [
    16.666666666666664,
    16.666666666666664,
    16.666666666666664,
    8.333333333333332,
    8.333333333333332,
    16.666666666666664,
    25.0,
    25.0,
    25.0,
    25.0,
    25.0,
    25.0,
    25.0,
    16.666666666666664,
    33.33333333333333,
    33.33333333333333,
    33.33333333333333,
    33.33333333333333,
    33.33333333333333,
    33.33333333333333,
    33.33333333333333,
    33.33333333333333,
    33.33333333333333,
    33.33333333333333,
    33.33333333333333,
    33.33333333333333,
    33.33333333333333,
    33.33333333333333,
    33.33333333333333,
    33.33333333333333,
    33.33333333333333,
    33.33333333333333,
    33.33333333333333,
    33.33333333333333,
    33.33333333333333,
    33.33333333333333,
    33.33333333333333,
    33.33333333333333,
    41.66666666666667,
    58.333333333333336,
    58.333333333333336,
    50.0,
    50.0,
    50.0,
    50.0,
    33.33333333333333,
    33.33333333333333,
    33.33333333333333,
    33.33333333333333,
    58.333333333333336,
    66.66666666666666,
    58.333333333333336,
    58.333333333333336,
    58.333333333333336,
    58.333333333333336,
    41.66666666666667,
    41.66666666666667,
    41.66666666666667,
    50.0,
    50.0,
    50.0,
    58.333333333333336,
    50.0,
    50.0,
    50.0,
    41.66666666666667,
    41.66666666666667,
    50.0,
    66.66666666666666,
    66.66666666666666,
    58.333333333333336,
    50.0,
    50.0,
    58.333333333333336,
    50.0,
    50.0,
    58.333333333333336,
    58.333333333333336,
    66.66666666666666,
    66.66666666666666,
    66.66666666666666,
    66.66666666666666,
    66.66666666666666,
    58.333333333333336,
    58.333333333333336,
    58.333333333333336,
    50.0,
    50.0,
    50.0,
    50.0,
    50.0,
    50.0,
    50.0,
    50.0,
    58.333333333333336,
    50.0,
    66.66666666666666,
    66.66666666666666,
    58.333333333333336,
    58.333333333333336
  ],
  "final_val_accuracy": 58.333333333333336,
  "total_samples": 70
}