{
  "train_losses": [
    1.6184394447891801,
    1.25338938942662,
    1.0114931177209925,
    0.8501658881152118,
    0.820558652833656,
    0.7108157564092565,
    0.6724353852095427,
    0.6476615568002065,
    0.6303707913116172,
    0.5792998483887425,
    0.5211922967875445,
    0.5479004140253421,
    0.5375642357049165,
    0.5278995180571521,
    0.4928824018549036,
    0.49847329987419975,
    0.6299372138800444,
    0.48893603958465437,
    0.4441519109187303,
    0.48517723436708804,
    0.43265267820269976,
    0.4172278819260774,
    0.3929400212234921,
    0.3782328924647084,
    0.4226570344633526,
    0.3756832284507928,
    0.3609652309506028,
    0.38018641896821836,
    0.34867165044501974,
    0.4084933803037361,
    0.35191485644490633,
    0.3981931996014383,
    0.2918879516698696,
    0.280773996203034,
    0.2743921232996164,
    0.26165214042972634,
    0.29374958974895654,
    0.30506733032288375,
    0.26118962439122023,
    0.310015810308633,
    0.3183755761495343,
    0.25487363848973205,
    0.2947415252802549,
    0.275330637064245,
    0.2819738835096359,
    0.26889688666496014,
    0.2377308148338839,
    0.2490629135734505,
    0.25396674692078874,
    0.2681047766710873,
    0.36463420989888684,
    0.2560581747028563,
    0.24344633285094192,
    0.2535705393249238,
    0.2742907937478136,
    0.27133151585305176,
    0.283001940973379,
    0.2786665131096487,
    0.22678283360545282,
    0.26315312680822833,
    0.24477886708660257,
    0.24090715487384134,
    0.2774575886971973,
    0.20886716419072063,
    0.21697168659280847,
    0.2323049989839395,
    0.19268691746724975,
    0.25392154493817576,
    0.22946092155244616,
    0.21127034020092753,
    0.18919056674672496,
    0.17680485180958552,
    0.1878006504503665,
    0.21210409048944712,
    0.24638968540562523,
    0.20136043679452054,
    0.19881871501328768,
    0.19727956417396111,
    0.21043894446834369,
    0.19107692288579764,
    0.20871605068721152,
    0.1806579629925114,
    0.16733808353267335,
    0.19712237786087725,
    0.22066823924305262,
    0.1677659765506784,
    0.20015621982100937,
    0.2104948118880943,
    0.14754968791924142,
    0.18059004305137527,
    0.21575645495344092,
    0.19441838490052354,
    0.19578463572111945,
    0.2288295001619392,
    0.258246045904579,
    0.1778253748047131,
    0.16701133314658095,
    0.13877507837282288,
    0.15859808593436522,
    0.18139757057306943
  ],
  "val_losses": [
    1.5291997194290161,
    1.078777511914571,
    0.8528432746728262,
    0.7444699207941691,
    0.6762560606002808,
    0.63059201836586,
    0.56576207280159,
    0.522383396824201,
    0.5110069513320923,
    0.5062264998753866,
    0.4586630215247472,
    0.4506547302007675,
    0.4814467777808507,
    0.4282373289267222,
    0.41407690445582074,
    0.41667063534259796,
    0.4455231527487437,
    0.4145103842020035,
    0.3864092056949933,
    0.3698841333389282,
    0.359983632961909,
    0.3593829274177551,
    0.3367983301480611,
    0.3240788131952286,
    0.3259059662620227,
    0.3165311887860298,
    0.32961993912855786,
    0.29374055316050846,
    0.28733066593607265,
    0.31251318256060284,
    0.2957751912375291,
    0.2779429405927658,
    0.24812725683053335,
    0.21409965182344118,
    0.28090060874819756,
    0.22464286163449287,
    0.22282354906201363,
    0.22021892666816711,
    0.21386737128098807,
    0.2359255887567997,
    0.23429608469208082,
    0.22995749861001968,
    0.2170595352848371,
    0.2010782298942407,
    0.19376718625426292,
    0.2124046248694261,
    0.21444369480013847,
    0.22300202399492264,
    0.24706286067763963,
    0.2350001148879528,
    0.22047219425439835,
    0.2568289240201314,
    0.25116634493072826,
    0.24155285581946373,
    0.2503271804501613,
    0.24599461381634077,
    0.24974398563305536,
    0.24151758787532648,
    0.2516379828254382,
    0.27769643751283485,
    0.24981840141117573,
    0.29551600106060505,
    0.22743211189905801,
    0.23819141586621603,
    0.24773570584754148,
    0.2161452453583479,
    0.22174464041988054,
    0.19768636611600718,
    0.2008521929383278,
    0.23036180498699346,
    0.22657292957107225,
    0.25744756932059926,
    0.23077067856987318,
    0.22855967842042446,
    0.22894995287060738,
    0.22924599020431438,
    0.23236499230066934,
    0.2589038033038378,
    0.21324192670484385,
    0.24029690275589624,
    0.22263549081981182,
    0.2254588914414247,
    0.2397265899926424,
    0.2295359050234159,
    0.22135718849798044,
    0.2337468924621741,
    0.22834230586886406,
    0.24569015639523664,
    0.2331811673939228,
    0.25158644653856754,
    0.22974570281803608,
    0.22222112119197845,
    0.2549856224407752,
    0.24521583380798498,
    0.257092051828901,
    0.23205775146683058,
    0.23360090081890425,
    0.23824779192606607,
    0.2551043927669525,
    0.24642414723833403
  ],
  "train_accs": [
    31.666666666666664,
    52.61904761904762,
    63.57142857142857,
    67.38095238095238,
    69.04761904761905,
    72.85714285714285,
    74.52380952380952,
    76.66666666666667,
    76.42857142857142,
    80.23809523809524,
    81.19047619047619,
    81.19047619047619,
    80.95238095238095,
    79.76190476190477,
    84.04761904761905,
    80.23809523809524,
    81.66666666666667,
    82.61904761904762,
    85.71428571428571,
    82.61904761904762,
    88.33333333333333,
    85.23809523809524,
    85.0,
    90.0,
    85.95238095238096,
    89.52380952380953,
    87.85714285714286,
    87.38095238095238,
    89.52380952380953,
    87.38095238095238,
    90.23809523809524,
    89.04761904761904,
    93.0952380952381,
    91.42857142857143,
    91.42857142857143,
    91.66666666666666,
    92.85714285714286,
    91.42857142857143,
    91.19047619047619,
    90.23809523809524,
    89.76190476190476,
    92.38095238095238,
    89.76190476190476,
    91.19047619047619,
    91.19047619047619,
    91.42857142857143,
    92.61904761904762,
    92.38095238095238,
    93.0952380952381,
    92.38095238095238,
    92.38095238095238,
    92.38095238095238,
    92.38095238095238,
    90.95238095238095,
    91.66666666666666,
    90.71428571428571,
    91.9047619047619,
    92.61904761904762,
    93.0952380952381,
    91.19047619047619,
    93.33333333333333,
    93.0952380952381,
    92.38095238095238,
    91.9047619047619,
    93.80952380952381,
    94.28571428571428,
    92.38095238095238,
    91.9047619047619,
    92.14285714285714,
    93.80952380952381,
    93.33333333333333,
    93.80952380952381,
    95.0,
    94.28571428571428,
    91.66666666666666,
    94.04761904761905,
    94.28571428571428,
    93.80952380952381,
    94.04761904761905,
    94.04761904761905,
    95.0,
    93.57142857142857,
    94.76190476190476,
    93.80952380952381,
    94.76190476190476,
    94.76190476190476,
    94.28571428571428,
    93.80952380952381,
    94.76190476190476,
    94.52380952380952,
    93.0952380952381,
    93.80952380952381,
    93.0952380952381,
    93.57142857142857,
    95.23809523809523,
    94.28571428571428,
    93.57142857142857,
    94.52380952380952,
    96.19047619047619,
    92.85714285714286
  ],