{
  "train_losses": [
    0.49126828445688536,
    0.19573352404910585,
    0.14074391867641523,
    0.13122514062358634,
    0.10730385185097871,
    0.09756658100725515,
    0.10876585625152549,
    0.10730974823641388,
    0.08989346156949582,
    0.09586615564362348,
    0.08810485119971892,
    0.09518188878934344,
    0.08378969829873709,
    0.07638291554505248,
    0.0809434369135567,
    0.07368556662897943,
    0.07499014773993226,
    0.06795060373437793,
    0.0742018804885447,
    0.059230489124867905,
    0.061998570593499135,
    0.060381314180710396,
    0.07335279170808423,
    0.07687617776631984,
    0.061695510177346674,
    0.06721554187369412,
    0.06552566563123433,
    0.06724618462359776,
    0.0628883513500509,
    0.05899587925270443,
    0.05612856701633934,
    0.05781245891399601,
    0.056141380483851484,
    0.05545852791882404,
    0.06656267149272659,
    0.061634414224460234,
    0.06265682303574463,
    0.07029621721670518,
    0.0584144984592137,
    0.05266618928188742,
    0.057618941091831126,
    0.0777897882735883,
    0.041702978970968856,
    0.062159376873118476,
    0.06556620868049441,
    0.06946870402443102,
    0.04570945521371196,
    0.0512801135419463,
    0.06452588634008703,
    0.0643298751320285
  ],
  "val_accuracies": [
    97.14285714285714,
    97.14285714285714,
    97.14285714285714,
    97.14285714285714,
    97.14285714285714,
    97.14285714285714,
    74.60317460317461,
    86.03174603174604,
    89.84126984126985,
    86.66666666666667,
    96.5079365079365,
    96.5079365079365,
    82.22222222222221,
    91.74603174603175,
    94.28571428571428,
    82.53968253968253,
    87.3015873015873,
    91.11111111111111,
    96.19047619047619,
    83.17460317460318,
    86.98412698412699,
    86.03174603174604,
    96.19047619047619,
    96.19047619047619,
    92.38095238095238,
    94.28571428571428,
    82.22222222222221,
    89.84126984126985,
    91.74603174603175,
    95.23809523809523,
    83.4920634920635,
    90.7936507936508,
    78.0952380952381,
    89.84126984126985,
    88.88888888888889,
    90.7936507936508,
    94.92063492063491,
    98.73015873015873,
    94.28571428571428,
    95.23809523809523,
    96.5079365079365,
    95.87301587301587,
    96.82539682539682,
    96.5079365079365,
    96.5079365079365,
    95.55555555555556,
    94.28571428571428,
    96.82539682539682,
    97.14285714285714,
    64.12698412698413
  ],
  "final_val_accuracy": 64.12698412698413,
  "node_types_count": 114,
  "total_samples": 1050
}