{
  "train_losses": [
    0.6990639925003052,
    0.5803301393985748,
    0.524230420589447,
    0.4566560685634613,
    0.431981635093689,
    0.33328883051872255,
    0.31576600670814514,
    0.3688953995704651,
    0.3219763159751892,
    0.26856772899627684,
    0.32876329123973846,
    0.3281708240509033,
    0.41863966584205625,
    0.33688080310821533,
    0.2163897007703781,
    0.27288325428962706,
    0.2608299911022186,
    0.22620279788970948,
    0.3916445732116699,
    0.3237705796957016,
    0.2601456165313721,
    0.23785211145877838,
    0.19014970511198043,
    0.219058795273304,
    0.13929466903209686,
    0.5169618502259254,
    0.4220706045627594,
    0.44236974120140077,
    0.1420822724699974,
    0.23135640621185302,
    0.11622394472360612,
    0.2457174152135849,
    0.2422238051891327,
    0.3573647618293762,
    0.17494599819183348,
    0.155301134288311,
    0.18189377337694168,
    0.34992231577634814,
    0.1991559773683548,
    0.12637151628732682,
    0.1828855663537979,
    0.15205273553729057,
    0.11762569919228553,
    0.09901064932346344,
    0.15864538550376892,
    0.0961274929344654,
    0.14192410409450532,
    0.29958191215991975,
    0.28201666101813316,
    0.0797581471502781
  ],
  "val_accuracies": [
    62.5,
    62.5,
    75.0,
    56.25,
    56.25,
    50.0,
    37.5,
    50.0,
    37.5,
    37.5,
    37.5,
    37.5,
    37.5,
    37.5,
    37.5,
    37.5,
    43.75,
    43.75,
    37.5,
    37.5,
    37.5,
    37.5,
    43.75,
    43.75,
    43.75,
    62.5,
    62.5,
    43.75,
    50.0,
    37.5,
    50.0,
    50.0,
    50.0,
    43.75,
    43.75,
    43.75,
    50.0,
    37.5,
    37.5,
    37.5,
    43.75,
    43.75,
    50.0,
    43.75,
    43.75,
    43.75,
    43.75,
    43.75,
    37.5,
    43.75
  ],
  "final_val_accuracy": 43.75,
  "node_types_count": 99,
  "total_samples": 51
}